dataset,trade_date,l2_code,index_close,relative_return_20d,breadth_above_ma60,revenue_acceleration
industry_daily,2019-01-04,801012.SI,1662.08000000,-0.0106456096,0.3846153846,
industry_daily,2019-01-04,801014.SI,2989.65000000,-0.0031982791,0.5454545455,
industry_daily,2019-01-04,801015.SI,915.47000000,0.0078187771,0.3333333333,
industry_daily,2019-01-04,801016.SI,1883.50000000,0.0086179380,0.2000000000,
industry_daily,2019-01-04,801017.SI,2972.27000000,0.0432806958,0.5000000000,
industry_daily,2019-01-04,801018.SI,4721.48000000,-0.0274640623,0.1428571429,
industry_daily,2019-01-04,801032.SI,2444.33000000,0.0075170587,0.2857142857,
industry_daily,2019-01-04,801033.SI,1756.59000000,-0.0050262426,0.0000000000,
industry_daily,2019-01-04,801034.SI,3122.82000000,-0.0002292498,0.2631578947,
industry_daily,2019-01-04,801036.SI,2746.78000000,0.0067987283,0.4210526316,
industry_daily,2019-01-04,801037.SI,2874.55000000,0.0072803659,0.3750000000,
industry_daily,2019-01-04,801038.SI,2777.66000000,-0.0051448219,0.2222222222,
industry_daily,2019-01-04,801039.SI,1825.44000000,0.0251344202,0.3333333333,
industry_daily,2019-01-04,801043.SI,2941.66000000,-0.0086870479,0.2500000000,
industry_daily,2019-01-04,801044.SI,2322.17000000,0.0045923433,0.0909090909,
industry_daily,2019-01-04,801045.SI,2602.79000000,-0.0092848053,0.1250000000,
industry_daily,2019-01-04,801051.SI,3234.67000000,0.0103902045,0.3000000000,
industry_daily,2019-01-04,801053.SI,5508.67000000,0.1045128866,0.6666666667,
industry_daily,2019-01-04,801054.SI,6461.91000000,-0.0132708619,0.2307692308,
industry_daily,2019-01-04,801055.SI,983.70000000,0.0174124597,0.2564102564,
industry_daily,2019-01-04,801056.SI,6462.51000000,-0.0679243624,0.0000000000,
industry_daily,2019-01-04,801072.SI,2905.69000000,0.0064619298,0.3700000000,
industry_daily,2019-01-04,801074.SI,4313.92000000,0.0050333208,0.3440860215,
industry_daily,2019-01-04,801076.SI,8340.11000000,0.0447379737,0.4000000000,
industry_daily,2019-01-04,801077.SI,8797.93000000,0.0219273666,0.1818181818,
industry_daily,2019-01-04,801078.SI,6353.27000000,-0.0004306791,0.2727272727,
industry_daily,2019-01-04,801081.SI,1380.80000000,-0.0374058121,0.1666666667,
industry_daily,2019-01-04,801082.SI,3447.09000000,-0.0101686589,0.1538461538,
industry_daily,2019-01-04,801083.SI,2777.65000000,0.0218359842,0.3750000000,
industry_daily,2019-01-04,801084.SI,1077.21000000,0.0031405580,0.2553191489,
industry_daily,2019-01-04,801085.SI,2831.14000000,-0.0139397062,0.3714285714,
industry_daily,2019-01-04,801092.SI,817.53000000,0.0130455495,0.4000000000,
industry_daily,2019-01-04,801093.SI,3739.76000000,0.0030643608,0.2479338843,
industry_daily,2019-01-04,801095.SI,7460.94000000,0.0122568009,0.1666666667,
industry_daily,2019-01-04,801096.SI,3319.52000000,0.0089667187,0.4545454545,
industry_daily,2019-01-04,801101.SI,2216.00000000,-0.0026069877,0.3157894737,
industry_daily,2019-01-04,801102.SI,1857.08000000,0.1189186047,0.8113207547,
industry_daily,2019-01-04,801103.SI,3566.77000000,0.0193963722,0.4084507042,
industry_daily,2019-01-04,801104.SI,4203.78000000,0.0144893217,0.4126984127,
industry_daily,2019-01-04,801111.SI,10940.21000000,-0.0135114231,0.0000000000,
industry_daily,2019-01-04,801112.SI,843.41000000,0.0320325280,0.3333333333,
industry_daily,2019-01-04,801113.SI,4095.79000000,0.0226735134,0.3333333333,
industry_daily,2019-01-04,801114.SI,11205.53000000,0.0231602859,0.4000000000,
industry_daily,2019-01-04,801115.SI,4017.33000000,0.0422517678,0.0000000000,
industry_daily,2019-01-04,801116.SI,1713.61000000,-0.0252410672,0.2222222222,
industry_daily,2019-01-04,801124.SI,11364.71000000,-0.0026219668,0.3333333333,
industry_daily,2019-01-04,801125.SI,19924.28000000,-0.0421614843,0.1176470588,
industry_daily,2019-01-04,801126.SI,2260.38000000,0.0256156400,0.3333333333,
industry_daily,2019-01-04,801127.SI,5761.73000000,0.0199584992,0.3076923077,
industry_daily,2019-01-04,801129.SI,5416.09000000,0.0138422903,0.2500000000,
industry_daily,2019-01-04,801131.SI,1925.92000000,0.0560947857,0.5789473684,
industry_daily,2019-01-04,801132.SI,1722.43000000,0.0133549946,0.3157894737,
industry_daily,2019-01-04,801133.SI,2015.32000000,0.0374087213,0.6250000000,
industry_daily,2019-01-04,801141.SI,2176.57000000,0.0121600874,0.2962962963,
industry_daily,2019-01-04,801142.SI,1711.41000000,0.0091044100,0.3636363636,
industry_daily,2019-01-04,801143.SI,1793.52000000,-0.0192473283,0.1176470588,
industry_daily,2019-01-04,801145.SI,1364.27000000,0.0648768893,0.3333333333,
industry_daily,2019-01-04,801151.SI,6546.50000000,-0.0714358451,0.1666666667,
industry_daily,2019-01-04,801152.SI,5986.06000000,-0.0805766752,0.1176470588,
industry_daily,2019-01-04,801153.SI,3997.95000000,-0.0498131733,0.2500000000,
industry_daily,2019-01-04,801154.SI,5375.24000000,-0.0643488315,0.0952380952,
industry_daily,2019-01-04,801155.SI,5234.43000000,-0.0429463544,0.1403508772,
industry_daily,2019-01-04,801156.SI,3967.26000000,-0.0495976744,0.1428571429,
industry_daily,2019-01-04,801161.SI,2225.37000000,0.0388299536,0.5090909091,
industry_daily,2019-01-04,801163.SI,2953.92000000,-0.0405847178,0.0555555556,
industry_daily,2019-01-04,801178.SI,4351.18000000,-0.0060065662,0.1379310345,
industry_daily,2019-01-04,801179.SI,1604.76000000,0.0415437389,0.4482758621,
industry_daily,2019-01-04,801181.SI,4127.48000000,0.0252205218,0.4000000000,
industry_daily,2019-01-04,801191.SI,1513.08000000,0.0414285280,0.4000000000,
industry_daily,2019-01-04,801193.SI,4777.64000000,0.0797052536,0.9459459459,
industry_daily,2019-01-04,801194.SI,1169.48000000,-0.0173479530,0.0000000000,
industry_daily,2019-01-04,801202.SI,3392.92000000,0.0405978529,0.3750000000,
industry_daily,2019-01-04,801203.SI,3367.94000000,0.0138117877,0.2727272727,
industry_daily,2019-01-04,801204.SI,7363.25000000,-0.0207197795,0.2000000000,
industry_daily,2019-01-04,801206.SI,20268.25000000,-0.0926733209,0.0000000000,
industry_daily,2019-01-04,801218.SI,3692.21000000,0.0257326699,1.0000000000,
industry_daily,2019-01-04,801219.SI,1739.18000000,-0.0336858777,0.0000000000,
industry_daily,2019-01-04,801223.SI,2153.32000000,0.0663891580,0.8571428571,
industry_daily,2019-01-04,801231.SI,1695.80000000,-0.0081051670,0.4285714286,
industry_daily,2019-01-04,801711.SI,5184.02000000,-0.0068442432,0.0909090909,
industry_daily,2019-01-04,801712.SI,3633.57000000,0.0152026519,0.3636363636,
industry_daily,2019-01-04,801713.SI,3924.73000000,-0.0104624348,0.3043478261,
industry_daily,2019-01-04,801721.SI,3450.61000000,0.0223686912,0.5000000000,
industry_daily,2019-01-04,801722.SI,5967.60000000,0.0262131777,0.2500000000,
industry_daily,2019-01-04,801723.SI,2387.51000000,0.0231841392,0.1764705882,
industry_daily,2019-01-04,801724.SI,1421.01000000,0.0216430787,0.2500000000,
industry_daily,2019-01-04,801726.SI,2257.23000000,0.0518418891,0.5555555556,
industry_daily,2019-01-04,801731.SI,4356.23000000,0.0267302826,0.4285714286,
industry_daily,2019-01-04,801733.SI,5289.01000000,0.0663714138,0.6428571429,
industry_daily,2019-01-04,801735.SI,2058.00000000,0.0104751907,0.5714285714,
industry_daily,2019-01-04,801736.SI,1173.42000000,0.0654494880,0.5000000000,
industry_daily,2019-01-04,801737.SI,4989.63000000,0.0435912428,0.4615384615,
industry_daily,2019-01-04,801738.SI,2435.84000000,0.1095227688,0.7941176471,
industry_daily,2019-01-04,801741.SI,6621.31000000,0.0882127225,1.0000000000,
industry_daily,2019-01-04,801742.SI,5160.42000000,0.0736617617,0.6842105263,
industry_daily,2019-01-04,801743.SI,10339.12000000,0.0653603172,0.6666666667,
industry_daily,2019-01-04,801744.SI,1836.32000000,0.0272701535,0.5000000000,
industry_daily,2019-01-04,801745.SI,2745.23000000,0.1387135942,0.8571428571,
industry_daily,2019-01-04,801764.SI,2052.24000000,0.0224106282,0.5217391304,
industry_daily,2019-01-04,801765.SI,2157.05000000,-0.0271165599,0.2666666667,
industry_daily,2019-01-04,801766.SI,1320.84000000,0.0072917760,0.2941176471,
industry_daily,2019-01-04,801767.SI,1499.08000000,-0.0261195512,0.4285714286,
industry_daily,2019-01-04,801769.SI,1373.62000000,0.0308073075,0.8095238095,
industry_daily,2019-01-04,801782.SI,1312.16000000,0.0430700831,0.2000000000,
industry_daily,2019-01-04,801783.SI,3749.68000000,0.0006093257,0.0000000000,
industry_daily,2019-01-04,801784.SI,765.72000000,0.0287213497,0.0000000000,
industry_daily,2019-01-04,801785.SI,826.27000000,0.0445988700,0.6000000000,
industry_daily,2019-01-04,801881.SI,1026.72000000,-0.0246918022,0.2500000000,
industry_daily,2019-01-04,801951.SI,1463.32000000,-0.0051543385,0.0434782609,
industry_daily,2019-01-04,801952.SI,1683.60000000,-0.0267557394,0.0000000000,
industry_daily,2019-01-04,801962.SI,1871.87000000,-0.0606477826,0.0000000000,
industry_daily,2019-01-04,801963.SI,1995.19000000,0.0023609179,0.1428571429,
industry_daily,2019-01-04,801971.SI,1996.53000000,0.0166483305,0.3902439024,
industry_daily,2019-01-04,801972.SI,1469.05000000,0.0082638950,0.3333333333,
industry_daily,2019-01-04,801981.SI,1146.24000000,-0.0317174226,0.3333333333,
industry_daily,2019-01-04,801982.SI,6654.31000000,-0.0348540475,0.4000000000,
industry_daily,2019-01-04,801991.SI,3083.44000000,0.0280739505,0.3333333333,
industry_daily,2019-01-04,801992.SI,2099.60000000,0.0082465485,0.4782608696,
industry_daily,2019-01-04,801993.SI,2300.77000000,-0.0270745211,0.0909090909,
industry_daily,2019-01-04,801994.SI,2908.95000000,0.0178863914,0.1428571429,
industry_daily,2019-01-04,801995.SI,1231.92000000,0.0016098165,0.5454545455,
